Domain Code,Domain,Area Code (M49),Area,Element Code,Element,Item Code (CPC),Item,Year Code,Year,Unit,Value,Flag,Flag Description,Note
QCL,Crops and livestock products,004,Afghanistan,5510,Production,0115,Barley,1961,1961,t,378000,A,Official figure,
QCL,Crops and livestock products,004,Afghanistan,5510,Production,0115,Barley,1962,1962,t,378000,A,Official figure,
QCL,Crops and livestock products,004,Afghanistan,5510,Production,0115,Barley,1963,1963,t,378000,A,Official figure,
QCL,Crops and livestock products,004,Afghanistan,5510,Production,0115,Barley,1964,1964,t,380000,A,Official figure,
QCL,Crops and livestock products,004,Afghanistan,5510,Production,0115,Barley,1965,1965,t,380000,A,Official figure,
QCL,Crops and livestock products,004,Afghanistan,5510,Production,0115,Barley,1966,1966,t,375000,A,Official figure,
QCL,Crops and livestock products,004,Afghanistan,5510,Production,0115,Barley,1967,1967,t,357000,A,Official figure,
QCL,Crops and livestock products,004,Afghanistan,5510,Production,0115,Barley,1968,1968,t,361000,A,Official figure,
QCL,Crops and livestock products,004,Afghanistan,5510,Production,0115,Barley,1969,1969,t,365000,A,Official figure,
QCL,Crops and livestock products,004,Afghanistan,5510,Production,0115,Barley,1970,1970,t,370000,A,Official figure,
QCL,Crops and livestock products,004,Afghanistan,5510,Production,0115,Barley,1971,1971,t,355000,A,Official figure,
QCL,Crops and livestock products,004,Afghanistan,5510,Production,0115,Barley,1972,1972,t,350000,A,Official figure,
QCL,Crops and livestock products,004,Afghanistan,5510,Production,0115,Barley,1973,1973,t,360000,A,Official figure,
QCL,Crops and livestock products,004,Afghanistan,5510,Production,0115,Barley,1974,1974,t,380000,A,Official figure,
QCL,Crops and livestock products,004,Afghanistan,5510,Production,0115,Barley,1975,1975,t,384000,A,Official figure,
QCL,Crops and livestock products,004,Afghanistan,5510,Production,0115,Barley,1976,1976,t,400000,A,Official figure,
QCL,Crops and livestock products,004,Afghanistan,5510,Production,0115,Barley,1977,1977,t,300000,A,Official figure,
QCL,Crops and livestock products,004,Afghanistan,5510,Production,0115,Barley,1978,1978,t,325000,A,Official figure,
QCL,Crops and livestock products,004,Afghanistan,5510,Production,0115,Barley,1979,1979,t,318000,A,Official figure,
QCL,Crops and livestock products,004,Afghanistan,5510,Production,0115,Barley,1980,1980,t,321000,A,Official figure,
QCL,Crops and livestock products,004,Afghanistan,5510,Production,0115,Barley,1981,1981,t,300000,E,Estimated value,
QCL,Crops and livestock products,004,Afghanistan,5510,Production,0115,Barley,1982,1982,t,276000,X,Figure from external organization,Unofficial figure
QCL,Crops and livestock products,004,Afghanistan,5510,Production,0115,Barley,1983,1983,t,266000,X,Figure from external organization,Unofficial figure
QCL,Crops and livestock products,004,Afghanistan,5510,Production,0115,Barley,1984,1984,t,254000,X,Figure from external organization,Unofficial figure
QCL,Crops and livestock products,004,Afghanistan,5510,Production,0115,Barley,1985,1985,t,240000,X,Figure from external organization,Unofficial figure
QCL,Crops and livestock products,004,Afghanistan,5510,Production,0115,Barley,1986,1986,t,231000,A,Official figure,
QCL,Crops and livestock products,004,Afghanistan,5510,Production,0115,Barley,1987,1987,t,231000,E,Estimated value,
QCL,Crops and livestock products,004,Afghanistan,5510,Production,0115,Barley,1988,1988,t,235000,X,Figure from external organization,Unofficial figure
QCL,Crops and livestock products,004,Afghanistan,5510,Production,0115,Barley,1989,1989,t,231000,X,Figure from external organization,Unofficial figure
QCL,Crops and livestock products,004,Afghanistan,5510,Production,0115,Barley,1990,1990,t,216000,X,Figure from external organization,Unofficial figure
QCL,Crops and livestock products,004,Afghanistan,5510,Production,0115,Barley,1991,1991,t,217000,X,Figure from external organization,Unofficial figure
QCL,Crops and livestock products,004,Afghanistan,5510,Production,0115,Barley,1992,1992,t,200000,X,Figure from external organization,Unofficial figure
QCL,Crops and livestock products,004,Afghanistan,5510,Production,0115,Barley,1993,1993,t,250000,X,Figure from external organization,Unofficial figure
QCL,Crops and livestock products,004,Afghanistan,5510,Production,0115,Barley,1994,1994,t,230000,X,Figure from external organization,Unofficial figure
QCL,Crops and livestock products,004,Afghanistan,5510,Production,0115,Barley,1995,1995,t,200000,X,Figure from external organization,Unofficial figure
QCL,Crops and livestock products,004,Afghanistan,5510,Production,0115,Barley,1996,1996,t,220000,X,Figure from external organization,Unofficial figure
QCL,Crops and livestock products,004,Afghanistan,5510,Production,0115,Barley,1997,1997,t,250000,A,Official figure,
QCL,Crops and livestock products,004,Afghanistan,5510,Production,0115,Barley,1998,1998,t,240000,A,Official figure,
QCL,Crops and livestock products,004,Afghanistan,5510,Production,0115,Barley,1999,1999,t,216000,A,Official figure,
QCL,Crops and livestock products,004,Afghanistan,5510,Production,0115,Barley,2000,2000,t,74000,A,Official figure,
QCL,Crops and livestock products,004,Afghanistan,5510,Production,0115,Barley,2001,2001,t,87000,A,Official figure,
QCL,Crops and livestock products,004,Afghanistan,5510,Production,0115,Barley,2002,2002,t,345000,A,Official figure,
QCL,Crops and livestock products,004,Afghanistan,5510,Production,0115,Barley,2003,2003,t,240000,A,Official figure,
QCL,Crops and livestock products,004,Afghanistan,5510,Production,0115,Barley,2004,2004,t,290000,A,Official figure,
QCL,Crops and livestock products,004,Afghanistan,5510,Production,0115,Barley,2005,2005,t,337000,A,Official figure,
QCL,Crops and livestock products,004,Afghanistan,5510,Production,0115,Barley,2006,2006,t,364000,A,Official figure,
QCL,Crops and livestock products,004,Afghanistan,5510,Production,0115,Barley,2007,2007,t,370000,A,Official figure,
QCL,Crops and livestock products,004,Afghanistan,5510,Production,0115,Barley,2008,2008,t,333000,A,Official figure,
QCL,Crops and livestock products,004,Afghanistan,5510,Production,0115,Barley,2009,2009,t,486000,A,Official figure,
QCL,Crops and livestock products,004,Afghanistan,5510,Production,0115,Barley,2010,2010,t,437000,A,Official figure,
QCL,Crops and livestock products,004,Afghanistan,5510,Production,0115,Barley,2011,2011,t,305900,A,Official figure,
QCL,Crops and livestock products,004,Afghanistan,5510,Production,0115,Barley,2012,2012,t,504000,A,Official figure,
QCL,Crops and livestock products,004,Afghanistan,5510,Production,0115,Barley,2013,2013,t,514000,A,Official figure,
QCL,Crops and livestock products,004,Afghanistan,5510,Production,0115,Barley,2014,2014,t,521000,A,Official figure,
QCL,Crops and livestock products,004,Afghanistan,5510,Production,0115,Barley,2015,2015,t,403000,A,Official figure,
QCL,Crops and livestock products,004,Afghanistan,5510,Production,0115,Barley,2016,2016,t,301856,A,Official figure,
QCL,Crops and livestock products,004,Afghanistan,5510,Production,0115,Barley,2017,2017,t,94995,A,Official figure,
QCL,Crops and livestock products,004,Afghanistan,5510,Production,0115,Barley,2018,2018,t,56781,A,Official figure,
QCL,Crops and livestock products,004,Afghanistan,5510,Production,0115,Barley,2019,2019,t,123576,A,Official figure,
QCL,Crops and livestock products,004,Afghanistan,5510,Production,0115,Barley,2020,2020,t,127757,A,Official figure,
QCL,Crops and livestock products,004,Afghanistan,5510,Production,0115,Barley,2021,2021,t,65102,A,Official figure,
QCL,Crops and livestock products,004,Afghanistan,5510,Production,0115,Barley,2022,2022,t,94687,A,Official figure,
QCL,Crops and livestock products,004,Afghanistan,5510,Production,0115,Barley,2023,2023,t,110000,X,Figure from external organization,Unofficial figure
QCL,Crops and livestock products,004,Afghanistan,5510,Production,0111,Wheat,1961,1961,t,2279000,A,Official figure,
QCL,Crops and livestock products,004,Afghanistan,5510,Production,0111,Wheat,1962,1962,t,2279000,A,Official figure,
QCL,Crops and livestock products,004,Afghanistan,5510,Production,0111,Wheat,1963,1963,t,1947000,A,Official figure,
QCL,Crops and livestock products,004,Afghanistan,5510,Production,0111,Wheat,1964,1964,t,2230000,A,Official figure,
QCL,Crops and livestock products,004,Afghanistan,5510,Production,0111,Wheat,1965,1965,t,2282000,A,Official figure,
QCL,Crops and livestock products,004,Afghanistan,5510,Production,0111,Wheat,1966,1966,t,2033000,A,Official figure,
QCL,Crops and livestock products,004,Afghanistan,5510,Production,0111,Wheat,1967,1967,t,2280000,A,Official figure,
QCL,Crops and livestock products,004,Afghanistan,5510,Production,0111,Wheat,1968,1968,t,2354000,A,Official figure,
QCL,Crops and livestock products,004,Afghanistan,5510,Production,0111,Wheat,1969,1969,t,2454000,A,Official figure,
QCL,Crops and livestock products,004,Afghanistan,5510,Production,0111,Wheat,1970,1970,t,2081000,A,Official figure,
QCL,Crops and livestock products,004,Afghanistan,5510,Production,0111,Wheat,1971,1971,t,1915000,A,Official figure,
QCL,Crops and livestock products,004,Afghanistan,5510,Production,0111,Wheat,1972,1972,t,2450000,A,Official figure,
QCL,Crops and livestock products,004,Afghanistan,5510,Production,0111,Wheat,1973,1973,t,2700000,A,Official figure,
QCL,Crops and livestock products,004,Afghanistan,5510,Production,0111,Wheat,1974,1974,t,2750000,A,Official figure,
QCL,Crops and livestock products,004,Afghanistan,5510,Production,0111,Wheat,1975,1975,t,2850000,A,Official figure,
QCL,Crops and livestock products,004,Afghanistan,5510,Production,0111,Wheat,1976,1976,t,2936000,A,Official figure,
QCL,Crops and livestock products,004,Afghanistan,5510,Production,0111,Wheat,1977,1977,t,2652000,A,Official figure,
QCL,Crops and livestock products,004,Afghanistan,5510,Production,0111,Wheat,1978,1978,t,2813000,A,Official figure,
QCL,Crops and livestock products,004,Afghanistan,5510,Production,0111,Wheat,1979,1979,t,2663000,A,Official figure,
QCL,Crops and livestock products,004,Afghanistan,5510,Production,0111,Wheat,1980,1980,t,2550000,E,Estimated value,
QCL,Crops and livestock products,004,Afghanistan,5510,Production,0111,Wheat,1981,1981,t,2470000,E,Estimated value,
QCL,Crops and livestock products,004,Afghanistan,5510,Production,0111,Wheat,1982,1982,t,2391000,X,Figure from external organization,Unofficial figure
QCL,Crops and livestock products,004,Afghanistan,5510,Production,0111,Wheat,1983,1983,t,2306000,X,Figure from external organization,Unofficial figure
QCL,Crops and livestock products,004,Afghanistan,5510,Production,0111,Wheat,1984,1984,t,2194000,X,Figure from external organization,Unofficial figure
QCL,Crops and livestock products,004,Afghanistan,5510,Production,0111,Wheat,1985,1985,t,2081000,X,Figure from external organization,Unofficial figure
QCL,Crops and livestock products,004,Afghanistan,5510,Production,0111,Wheat,1986,1986,t,1925000,A,Official figure,
QCL,Crops and livestock products,004,Afghanistan,5510,Production,0111,Wheat,1987,1987,t,2300000,X,Figure from external organization,Unofficial figure
QCL,Crops and livestock products,004,Afghanistan,5510,Production,0111,Wheat,1988,1988,t,1900000,E,Estimated value,
QCL,Crops and livestock products,004,Afghanistan,5510,Production,0111,Wheat,1989,1989,t,1800000,E,Estimated value,
QCL,Crops and livestock products,004,Afghanistan,5510,Production,0111,Wheat,1990,1990,t,1650000,A,Official figure,
QCL,Crops and livestock products,004,Afghanistan,5510,Production,0111,Wheat,1991,1991,t,1726000,A,Official figure,
QCL,Crops and livestock products,004,Afghanistan,5510,Production,0111,Wheat,1992,1992,t,1650000,A,Official figure,
QCL,Crops and livestock products,004,Afghanistan,5510,Production,0111,Wheat,1993,1993,t,1940000,A,Official figure,
QCL,Crops and livestock products,004,Afghanistan,5510,Production,0111,Wheat,1994,1994,t,2050000,A,Official figure,
QCL,Crops and livestock products,004,Afghanistan,5510,Production,0111,Wheat,1995,1995,t,2100000,E,Estimated value,
QCL,Crops and livestock products,004,Afghanistan,5510,Production,0111,Wheat,1996,1996,t,2300000,X,Figure from external organization,Unofficial figure
QCL,Crops and livestock products,004,Afghanistan,5510,Production,0111,Wheat,1997,1997,t,2711000,A,Official figure,
